Выбор;Тип;Вид;Организация;Родитель;Владелец
Нет;РегистрыСведений;АмортизационныеГруппыОКОФ;Нет;Нет;Нет
Нет;РегистрыСведений;АналитикаУчетаЗатрат;Нет;Нет;Нет
Нет;РегистрыСведений;АналитикаУчетаНДС;Нет;Нет;Нет
Нет;РегистрыСведений;БазаРаспределенияНДС;Нет;Нет;Нет
Нет;РегистрыСведений;БухучетЗарплатыОрганизаций;Нет;Нет;Нет
Нет;РегистрыСведений;ГражданствоФизическихЛиц;Нет;Нет;Нет
Нет;РегистрыСведений;ДанныеПервичныхДокументов;Нет;Нет;Нет
Нет;РегистрыСведений;ДанныеПроизводственногоКалендаря;Нет;Нет;Нет
Нет;РегистрыСведений;ДокументыПереходаНЗПДетализацияПоПродукции;Нет;Нет;Нет
Нет;РегистрыСведений;ДокументыФизическихЛиц;Нет;Нет;Нет
Нет;РегистрыСведений;ДополнительныеНастройкиЗарплатаКадры;Нет;Нет;Нет
Нет;РегистрыСведений;ДополнительныеСведения;Нет;Нет;Нет
Нет;РегистрыСведений;КалендарныеГрафики;Нет;Нет;Нет
Нет;РегистрыСведений;КорреспонденцииСчетов;Нет;Нет;Нет
Нет;РегистрыСведений;КурсыВалют;Нет;Нет;Нет
Нет;РегистрыСведений;МетодыОпределенияПрямыхРасходовПроизводстваВНУ;Нет;Нет;Нет
Нет;РегистрыСведений;НастройкиВариантаРасчетаКорректировокВВалюте;Нет;Нет;Нет
Нет;РегистрыСведений;НастройкиЗарплатаКадры;Нет;Нет;Нет
Нет;РегистрыСведений;НастройкиРасчетаЗарплаты;Нет;Нет;Нет
Нет;РегистрыСведений;НастройкиРасчетаНДС;Нет;Нет;Нет
Нет;РегистрыСведений;НастройкиСистемыНалогообложения;Нет;Нет;Нет
Нет;РегистрыСведений;НастройкиУчетаЗарплаты;Нет;Нет;Нет
Нет;РегистрыСведений;НастройкиУчетаНалогаНаПрибыль;Нет;Нет;Нет
Нет;РегистрыСведений;НастройкиУчетаНДС;Нет;Нет;Нет
Нет;РегистрыСведений;НастройкиУчетаСтраховыхВзносов;Нет;Нет;Нет
Нет;РегистрыСведений;ОсновныеДоговорыКонтрагента;Нет;Нет;Нет
Нет;РегистрыСведений;ОтветственныеЛицаОрганизаций;Нет;Нет;Нет
Нет;РегистрыСведений;ОтражениеВРегламентированномУчетеНастройкиОрганизаций;Нет;Нет;Нет
Нет;РегистрыСведений;ПараметрыНДСПоДоговорам;Нет;Нет;Нет
Нет;РегистрыСведений;ПараметрыРегламентированногоУчета;Нет;Нет;Нет
Нет;РегистрыСведений;ПериодыНерабочихДнейКалендаря;Нет;Нет;Нет
Нет;РегистрыСведений;ПорядокОтраженияЗарплатыВБухУчете;Нет;Нет;Нет
Нет;РегистрыСведений;РезультатыЗакрытияМесяца;Нет;Нет;Нет
Нет;РегистрыСведений;СоставДокументовЗарплатаКадры;Нет;Нет;Нет
Нет;РегистрыСведений;СтавкиНалогаНаИмущество;Нет;Нет;Нет
Нет;РегистрыСведений;СтавкиНалогаНаИмуществоПоОтдельнымОсновнымСредствам;Нет;Нет;Нет
Нет;РегистрыСведений;СтавкиТранспортногоНалога;Нет;Нет;Нет
Нет;РегистрыСведений;СтатьиЗатратПоЗарплате;Нет;Нет;Нет
Нет;РегистрыСведений;СчетаСОсобымПорядкомПереоценкиБУ;Нет;Нет;Нет
Нет;РегистрыСведений;СчетаУчетаНоменклатуры;Нет;Нет;Нет
Нет;РегистрыСведений;СчетаУчетаРасчетовСКонтрагентами;Нет;Нет;Нет
Нет;РегистрыСведений;УполномоченныеЛицаОрганизаций;Нет;Нет;Нет
Нет;РегистрыСведений;УчетнаяПолитика;Нет;Нет;Нет
Нет;РегистрыСведений;УчетнаяПолитикаПоНДФЛ;Нет;Нет;Нет
Нет;РегистрыСведений;ФизическиеЛицаДокументов;Нет;Нет;Нет
Нет;РегистрыСведений;ФИОФизическихЛиц;Нет;Нет;Нет
Нет;РегистрыСведений;ЦеныНоменклатурыДокументов;Нет;Нет;Нет
