Выбор;Тип;Вид;Организация;Родитель;Владелец;
Нет;Справочники;Банки;Нет;Нет;Нет;
Нет;Справочники;БанкиУниверсальногоОбмена;Нет;Нет;Нет;
Да;Справочники;БанковскиеСчета;Нет;Нет;Нет;
Нет;Справочники;Валюты;Нет;Нет;Нет;
Нет;Справочники;ВидыВозвратаВОборотИСМП;Нет;Нет;Нет;
Нет;Справочники;ВидыВычетовНДФЛ;Нет;Нет;Нет;
Нет;Справочники;ВидыДокументовФизическихЛиц;Нет;Нет;Нет;
Нет;Справочники;ВидыДокументовЭДО;Нет;Нет;Нет;
Нет;Справочники;ВидыДокументовЭДОБЗК;Нет;Нет;Нет;
Нет;Справочники;ВидыДоходовНДФЛ;Нет;Нет;Нет;
Нет;Справочники;ВидыДоходовПоСтраховымВзносам;Нет;Нет;Нет;
Нет;Справочники;ВидыКонтактнойИнформации;Нет;Нет;Нет;
Нет;Справочники;ВидыНалоговИПлатежейВБюджет;Нет;Нет;Нет;
Нет;Справочники;ВидыОбразованияФизическихЛиц;Нет;Нет;Нет;
Нет;Справочники;ВидыОбщественноПолезнойДеятельностиСЗВК;Нет;Нет;Нет;
Нет;Справочники;ВидыРегистровУчета;Нет;Нет;Нет;
Нет;Справочники;ВидыТарифовСтраховыхВзносов;Нет;Нет;Нет;
Нет;Справочники;ДоговорыКонтрагентов;Нет;Нет;Нет;
Нет;Справочники;Должности;Нет;Нет;Нет;
Нет;Справочники;ДополнительныеУсловия;Нет;Нет;Нет;
Нет;Справочники;ЗаголовкиСчетовПокупателям;Нет;Нет;Нет;
Нет;Справочники;ЗадачиБухгалтера;Нет;Нет;Нет;
Нет;Справочники;ЗамещениеГосударственныхМуниципальныхДолжностейПФР;Нет;Нет;Нет;
Нет;Справочники;ЗванияГражданскогоВоинскогоУчета;Нет;Нет;Нет;
Нет;Справочники;ИдентификаторыОбъектовМетаданных;Нет;Нет;Нет;
Нет;Справочники;КлассификаторБанков;Нет;Нет;Нет;
Нет;Справочники;КлассификаторЕдиницИзмерения;Нет;Нет;Нет;
Нет;Справочники;КлассификаторЗанятий;Нет;Нет;Нет;
Нет;Справочники;КлассификаторНСИЗЕРНО;Нет;Нет;Нет;
Нет;Справочники;КлассификаторОКВЭД2;Нет;Нет;Нет;
Нет;Справочники;КлассификаторСтранСАТУРН;Нет;Нет;Нет;
Нет;Справочники;КлассификаторТНВЭД;Нет;Нет;Нет;
Нет;Справочники;КлассификаторТранспортныхСредствСАТУРН;Нет;Нет;Нет;
Нет;Справочники;КодыДокументовКадровыхМероприятий;Нет;Нет;Нет;
Нет;Справочники;КодыОперацийПрослеживаемости;Нет;Нет;Нет;
Нет;Справочники;КодыОперацийРаздела7ДекларацииПоНДС;Нет;Нет;Нет;
Нет;Справочники;КонтактныеЛица;Нет;Нет;Нет;
Нет;Справочники;Контрагенты;Нет;Нет;Нет;
Нет;Справочники;МаршрутыПодписания;Нет;Нет;Нет;
Нет;Справочники;НематериальныеАктивы;Нет;Нет;Нет;
Нет;Справочники;Номенклатура;Нет;Нет;Нет;
Нет;Справочники;НоменклатурныеГруппы;Нет;Нет;Нет;
Нет;Справочники;НомераГТД;Нет;Нет;Нет;
Нет;Справочники;ОбъектыСтроительства;Нет;Нет;Нет;
Нет;Справочники;Организации;Нет;Нет;Нет;
Нет;Справочники;ОснованияДосрочногоНазначенияПенсии;Нет;Нет;Нет;
Нет;Справочники;ОснованияДосрочногоНазначенияПенсииДляСЗВК;Нет;Нет;Нет;
Нет;Справочники;ОснованияИсчисляемогоСтраховогоСтажа;Нет;Нет;Нет;
Нет;Справочники;ОснованияУвольнения;Нет;Нет;Нет;
Нет;Справочники;ОсновныеСредства;Нет;Нет;Нет;
Нет;Справочники;ОсобыеУсловияТрудаДляСЗВКПФР;Нет;Нет;Нет;
Нет;Справочники;ОсобыеУсловияТрудаПФР;Нет;Нет;Нет;
Нет;Справочники;ПараметрыИсчисляемогоСтраховогоСтажа;Нет;Нет;Нет;
Нет;Справочники;ПодразделенияОрганизаций;Нет;Нет;Нет;
Нет;Справочники;Пользователи;Нет;Нет;Нет;
Нет;Справочники;ПоступлениеТоваровУслугПрисоединенныеФайлы;Нет;Нет;Нет;
Нет;Справочники;ПричиныВыводаИзОборотаИСМП;Нет;Нет;Нет;
Нет;Справочники;ПричиныУвольненияПФР;Нет;Нет;Нет;
Нет;Справочники;ПродукцияВЕТИС;Нет;Нет;Нет;
Нет;Справочники;ПрочиеДоходыИРасходы;Нет;Нет;Нет;
Нет;Справочники;РасходыБудущихПериодов;Нет;Нет;Нет;
Нет;Справочники;РегистрацииВНалоговомОргане;Нет;Нет;Нет;
Нет;Справочники;Резервы;Нет;Нет;Нет;
Нет;Справочники;СертификатыКлючейЭлектроннойПодписиИШифрования;Нет;Нет;Нет;
Нет;Справочники;Склады;Нет;Нет;Нет;
Нет;Справочники;СобытияОС;Нет;Нет;Нет;
Нет;Справочники;СоставыВоеннослужащих;Нет;Нет;Нет;
Нет;Справочники;СостояниеВБраке;Нет;Нет;Нет;
Нет;Справочники;СпособыВыплатыЗарплаты;Нет;Нет;Нет;
Нет;Справочники;СпособыДоставки;Нет;Нет;Нет;
Нет;Справочники;СпособыОкругленияПриРасчетеЗарплаты;Нет;Нет;Нет;
Нет;Справочники;СпособыОпределенияЦенКонтролируемыхСделок;Нет;Нет;Нет;
Нет;Справочники;СпособыОтраженияЗарплатыВБухУчете;Нет;Нет;Нет;
Нет;Справочники;СпособыОтраженияРасходовПоАмортизации;Нет;Нет;Нет;
Нет;Справочники;Справки2ЕГАИС;Нет;Нет;Нет;
Нет;Справочники;СтатусыНалогоплательщиковПоНДФЛ;Нет;Нет;Нет;
Нет;Справочники;СтатьиДвиженияДенежныхСредств;Нет;Нет;Нет;
Нет;Справочники;СтатьиЗатрат;Нет;Нет;Нет;
Нет;Справочники;СтатьиРасходовЗарплата;Нет;Нет;Нет;
Нет;Справочники;СтраныМира;Нет;Нет;Нет;
Нет;Справочники;ТерриториальныеУсловияПФР;Нет;Нет;Нет;
Нет;Справочники;ТипыДанныхДляОформленияНаРаботу;Нет;Нет;Нет;
Нет;Справочники;ТипыДокументов;Нет;Нет;Нет;
Нет;Справочники;ТоварныеГруппыГИСМТ;Нет;Нет;Нет;
Нет;Справочники;ТрудовыеФункции;Нет;Нет;Нет;
Нет;Справочники;УбыткиПрошлыхЛет;Нет;Нет;Нет;
Нет;Справочники;УдалитьВидыВычетовНДФЛ;Нет;Нет;Нет;
Нет;Справочники;УдалитьВычетыНДФЛ;Нет;Нет;Нет;
Нет;Справочники;УдалитьДокументыУдостоверяющиеЛичность;Нет;Нет;Нет;
Нет;Справочники;УдалитьДоходыЕСН;Нет;Нет;Нет;
Нет;Справочники;УдалитьДоходыНДФЛ;Нет;Нет;Нет;
Нет;Справочники;УдалитьДоходыПоСтраховымВзносам;Нет;Нет;Нет;
Нет;Справочники;УдалитьОснованияВыслугиЛет;Нет;Нет;Нет;
Нет;Справочники;УдалитьОснованияИсчисляемогоСтраховогоСтажа;Нет;Нет;Нет;
Нет;Справочники;УдалитьОсобыеУсловияТруда;Нет;Нет;Нет;
Нет;Справочники;УдалитьПараметрыИсчисляемогоСтраховогоСтажа2014;Нет;Нет;Нет;
Нет;Справочники;УдалитьТерриториальныеУсловия;Нет;Нет;Нет;
Нет;Справочники;УчетныеЗаписиЭлектроннойПочты;Нет;Нет;Нет;
Нет;Справочники;ФизическиеЛица;Нет;Нет;Нет;
Нет;Справочники;ШаблоныДокументов;Нет;Нет;Нет;
Нет;Справочники;ШаблоныКодовМаркировкиСУЗ;Нет;Нет;Нет;
